CATAGORIES,,FOOD PRODUCT,H.H. MEASUREMENTS,please enter,Enter here,serving size,PROTEIN gs.,FAT gs.,carbs,Kcal,FIBRE gs.,CALCIUMmg,IRON mg.
BISCUITS,1,Bourbon,1 biscuit = 10 gm,no. of biscuit,1,10,0.6,1.9,7,47,,,
BISCUITS,2,Cream crackers biscuits,1 biscuit = 7.7 gm,no. of biscuit,1,7.7,0.8,1.2,5,35,,1.7,0.2
BISCUITS,3,Digestive Marie biscuits,1 biscuit = 4.9 gm,no. of biscuit,1,4.9,0.4,0.5,4,21,0.2,0.7,0.1
BISCUITS,4,Good-day,1 biscuit = 9 gm,no. of biscuit,1,9,0.7,2.1,6,44,,,
BISCUITS,5,Hide and seek,1 biscuit = 4 gm,no. of biscuit,1,4,0.2,0.7,3,19,,,
BISCUITS,6,Marie biscuits,1 biscuit = 5.6 gm,no. of biscuit,1,5.6,0.4,0.6,4,24,,,
BISCUITS,7,Mcvities hobnobs (oatmeal cookies),1 oatmeal cookie = 9.3gm,no. of biscuit,1,9.3,0.6,1.6,7,44,,,
BISCUITS,8,Milano,,no. of biscuit,1,1,1,4,12,86,,,
BISCUITS,9,Nice,1 biscuit = 6.6 gms,no. of biscuit,1,6.6,0.5,1,5,30,,,
BISCUITS,10,Brittania Nutrichoice 5 grain,1 biscuit = 16 gm,no. of biscuit,1,16,1.2,3.1,11,75,0.6,,
BISCUITS,11,Nutrichoice Digestive,1 biscuit = 8 gm,no. of biscuit,1,8,0.6,1.6,5,36,0.5,,
BISCUITS,12,Oreo,1 biscuit = 11 gm,no. of biscuit,1,11,0.6,2.3,8,53,,,
BISCUITS,13,Parle-G,1 biscuit = 4.4 gm,no. of biscuit,1,4.4,0.3,0.6,3,20,,,
BISCUITS,14,Pure Magic,1 biscuit = 10 gm,no. of biscuit,1,10,0.6,2.3,6,48,,,
BISCUITS,15,SELFCARE Bajra rings,,no. of rings,1,1,0.5,0.3,4,22,,,
BISCUITS,16,SELFCARE Oatmeal cookies,,no. of cookies,1,1,0.3,0.3,3,16,,,
BISCUITS,17,Sunfeast Marie light,1 biscuit = 4 gm,no. of biscuit,1,4,1,0.5,3,18,0.1,,
BISCUITS,18,Vita Marie biscuit,1 biscuit = 5 gm,no. of biscuit,1,5,0.4,0.6,4,22,,2.4,
BISCUITS,19,Vitamarie gold,1 biscuit = 4 gm,no. of biscuit,1,4,0.3,0.5,3,18,,1.9,
CEREALS,20,Baby corn,,gms,100,100,2.5,0.4,2.7,24,2,,
CEREALS,21,Bajra,2 rotis = 30 gm bajra flour,No. of rotis,2,30,3.5,1.5,20,108,0.4,12.6,2.4
CEREALS,22,Brown bread pizza base thick,1 base = 100 gm,no. of base,1,100,8.1,2.7,58,288,,,
CEREALS,23,Bulgar wheat (daliya),1/4 cup raw = 40 gms = 1 cup cooked,No. of cups cooked,1,40,3.3,0.6,31,142,0.7,14.8,2
CEREALS,24,Burger bun,1 bun = 80 gm,no. of buns,1,80,6.8,1.3,46,221,,,
CEREALS,25,Cannelloni (Barilla),,gms,100,100,11.5,1.5,72.7,355,,,
CEREALS,26,Croissants whole meal roll,1 roll/bun = 40 gms,No. of rolls,1,1,5,3,24,55,,,
CEREALS,27,Haka Noodles,25 gms raw = 1/2 cup cooked,No. of cups cooked,1,50,5.9,0.1,41,187,1.1,,
CEREALS,28,Hot dog roll,1 roll = 90 gm,gms,100,100,12,5,28,214,3,,
CEREALS,29,Jowar,2 rotis = 30 gms,No. of rotis,2,30,3.1,0.6,22,105,0.5,7.5,1.2
CEREALS,30,Khakhras without ghee,,No. of khakhras,2,2,5,2,36,172,,,
CEREALS,31,Lasagne,,gms,100,100,14,3.5,68,360,,,
CEREALS,32,"Maize, tender",,gms,100,100,4.7,0.9,24.6,125,1.9,9,1.1
CEREALS,33,"Maize,dry",2 rotis = 30 gms,No. of rotis,2,30,3.3,1.1,20,103,0.8,3,0.7
CEREALS,34,Melba toast,,No. of toast,1,1,0.6,0.2,4,20,,,
CEREALS,35,Oat bran (bagrrys),,gms,100,100,15.3,8.3,65.8,399,15.8,,5.4
CEREALS,36,Ragi,2 rotis = 30 gms,No. of rotis,2,30,2.2,0.4,22,98,1.1,103.2,1.2
CEREALS,37,"Rice, cooked",1/2 cup cooked = 25 gms raw = 92 gms cooked,No. of cups,0.5,25,1.9,0.3,4,87,0.2,2.5,0.8
CEREALS,38,"Rice, flakes(Poha)",1/2 cups cooked = 22 gms raw,No. of cups cooked,0.5,22,1.5,0.3,17,76,0.2,4.4,4.4
CEREALS,39,"Rice, puffed(Kurmura)",1 cup = 14 gms,No. of cups,1,14,1.1,0,10,46,0,3.2,0.9
CEREALS,40,Rusk (Anjali Mukherji),1 biscuit = 14.28 gms,No. of biscuit,1,14.3,1.42,1.42,10.42,60,0.71,,0.57
CEREALS,41,SELFCARE Baked puris,1 puri = 2 gms,No. of puris,1,2,0.3,0.1,2,8,0,,
CEREALS,42,SELFCARE Dal khakhras,,No. of khakhras,2,2,4,4,11,92,,,
CEREALS,43,SELFCARE Moth khakhras,,No. of khakhras,2,2,3,4,10,96,,,
CEREALS,44,Spaghetti,25 gms raw = 3/4 th cup cooked (65 gms),No. of cups cooked,1,33.3,4.2,0.4,24,120,,,
CEREALS,45,Wheat bread,1 slice = 25 gms,No. of slice,1,25,3,0.4,18,87,0.3,10.3,1.3
CEREALS,46,"Wheat, flour (refined) (maida)",,gms,25,25,2.75,0.225,18.475,87,0.075,5.75,0.675
CEREALS,47,"Wheat,chapattis","1 cup = 100 g makes 6 rotis 5""",No. of chapattis,1,17,2.1,0.3,12,58,0.5,58,0.8
CEREALS,48,"Wheat,flour(whole)",,gms,25,25,3.025,0.425,17.35,85,0.475,85.25,1.225
CEREALS,49,"Wheat,semolina(Soozee, rava)",,gms,25,25,2.6,0.2,18.7,87,0.05,4,0.4
CEREALS,50,White bread,1 slice = 20 gms,No. of slice,1,20,2.4,0.2,10,50,0.4,6.2,0
CEREALS,51,white bread pizza base thick,1 base = 100 gm,no. of base,1,100,8.5,1.6,57,276,,,
CEREALS,52,Whole wheat hot dog roll,,gms,100,100,12,5,68,360,2,,
CEREALS,53,Whole wheat lavash,,gms,,100,12.5,13.5,69,448,5.2,,
CEREALS,54,Wibbs Browny whole wheat bread,1 slice = 25 gms,no. of slice,1,25,3.2,0.2,12,62,2,7.4,0.3
Breakfast cereals/Nutrition bars,55,Cheerios,,No. of cups,0.75,0.8,,1.5,,83,,,
Breakfast cereals/Nutrition bars,56,Kelloggs all bran,3/4 cup = 1 srvg = 25 gms raw,No. of cups,0.75,25,3.5,0.9,12,84,,,
Breakfast cereals/Nutrition bars,57,Kellogg's Frosties,3/4 cup = 1 srvg = 25 gms raw,No. of cups,0.75,25,2,3,18,103,0.3,135.8,2.3
Breakfast cereals/Nutrition bars,58,Kellogs chocos,3/4 cup = 1 srvg = 25 gms raw,No. of cups,0.75,25,2.3,0.1,21,95,,,
Breakfast cereals/Nutrition bars,59,Kellogs Cornflakes,3/4 cup = 1 srvg = 25 gms raw,No. of cups,0.75,25,2,0.1,21,93,0.6,,
Breakfast cereals/Nutrition bars,60,Kellogs Special K,3/4 cup = 1 srvg = 25 gms raw,No. of cups,0.75,25,2,0.3,21,89,,,
Breakfast cereals/Nutrition bars,61,Kellogs wheatflakes,3/4 cup = 1 srvg = 25 gms raw,No. of cups,0.75,25,2.5,0.3,20,94,,,
Breakfast cereals/Nutrition bars,62,Muesli (baggry's),3/4 cup = 1 srvg = 25 gms raw,gms,0.75,25,2.3,1,15,83,2.8,,
Breakfast cereals/Nutrition bars,63,Max Protein choco slim bar (RiteBite),1 bar = 67 gm,No. of bars,1,1,20,9.8,14,258,,,
Breakfast cereals/Nutrition bars,64,Max Protein honey lemon bar (RiteBite),1 bar = 70 gm,No. of bars,1,1,20,10.5,24,281,,,
Breakfast cereals/Nutrition bars,65,Nature Valley Granola bar,1 bar = 30 gms,No. of bars,1,1,1,2,26,123,,,
Breakfast cereals/Nutrition bars,66,Rice crispies,3/4 cup = 1 srvg = 25 gms raw,No. of cups,0.75,25,1.5,0.3,22,95,,,
Breakfast cereals/Nutrition bars,67,Weetabix Wholegrain cereal,3/4 cup = 1 srvg = 25 gms raw,No. of cups,0.75,25,2.7,,17,85,,,
Breakfast cereals/Nutrition bars,68,White Oats (Harvest Crunch),3/4 cup = 1 srvg = 25 gms raw,No. of cups cooked,0.75,25,2.8,2,15,90,,,
Breakfast cereals/Nutrition bars,69,Work-out Gymnasium bar (RiteBite),1 bar = 50 gm,no. of bars,1,1,10,7.6,24,210,4,120,
PULSES,70,Bengal Gram(Kabuli Chana),1/4 cup raw = 35 gms,gms (raw wt),25,25,4.3,1.3,15,90,1,50.5,1.2
PULSES,71,"Bengal Gram,dhal",,gms (raw wt),25,25,5.2,1.4,15,93,0.3,14,1.3
PULSES,72,"Bengal Gram,roasted",,gms (raw wt),25,25,6,1.3,15,92,0.3,14.5,2.4
PULSES,73,"Black Gram,dhal(Urad)",,gms (raw wt),25,25,6,0.4,15,87,0.2,38.5,1
PULSES,74,Canned beans (red kidney),,gms (raw wt),100,100,6,0,16,90,3,29,2
PULSES,75,Cow Pea(Chavli),,gms (raw wt),25,25,6,0.3,14,81,1,19.3,2.2
PULSES,76,"Green Gram,dhal(Moong)",3/4 th cup cooked dal = 25 gms raw dal,gms (raw wt),25,25,6.1,0.3,15,87,0.2,18.8,1
PULSES,77,"Green Gram,whole",,gms (raw wt),25,25,6,0.3,14,84,1,31,1.1
PULSES,78,Heinz baked beans,1 can = 415 gm/1 cup = 200 gms,No. of cups,0.5,100,4.7,0.2,13,79,3.7,,3
PULSES,79,Lentil (Masoor),,gms (raw wt),25,25,6.3,0.2,15,86,0.2,17.3,1.9
PULSES,80,Lima Beans,1 cup = 190 g,gms (raw wt),25,25,2,0,6,34,,7,1
PULSES,81,Moth Beans,,gms (raw wt),25,25,5.9,0.3,14,83,1.1,50.5,2.4
PULSES,82,Peas dry,,gms (raw wt),25,25,4.9,0.3,14,79,1.1,18.8,1.8
PULSES,83,Peas green,1 cup = 100 gms,No. of cups,75,75,5.4,0.1,12,70,3,15,1.1
PULSES,84,Rajmah,,gms (raw wt),25,25,5.7,0.3,15,87,1.2,65,1.3
PULSES,85,"Redgram,dhal(Toor)",3/4 th cup cooked dal = 25 gms raw dal,gms (raw wt),25,25,5.6,0.4,14,84,0.4,18.3,0.7
PULSES,86,Sil Baked beans,1 can = 450 gm/1 cup = 200 gms,No. of cups,0.5,100,8,0,20,112,,,
PULSES,87,Soyabean,,gms (raw wt),25,25,11,5,5,108,1,60,3
VEGETABLES,88,Amaranth (Chowli),,gms (raw wt),25,25,1,0,2,11,0,99,1
VEGETABLES,89,Beet Root,,gms (raw wt),200,200,3.4,0.2,18,86,1.8,36.6,2.4
VEGETABLES,90,Bitter Gourd,,gms (raw wt),250,250,4,0.5,11,63,2,50,1.5
VEGETABLES,91,Bottle Gourd,,gms (raw wt),250,250,0.5,0.3,6,30,1.5,50,1.2
VEGETABLES,92,Brinjal,,gms (raw wt),250,250,3.5,0.8,10,60,3.3,45,1
VEGETABLES,93,Broccoli,1 spear = 151 g,gms (raw wt),200,200,5.3,1.3,11,53,,95.4,
VEGETABLES,94,Cabbage,1 cup chpd = 75 gms,No. of cups,1,75,1.4,0.1,3,20,0.8,29.3,0.6
VEGETABLES,95,Capsicum (large),1 large chpd =  80 g,No. of capsicum,1,80,1,0.2,3,19,0.8,8,0.5
VEGETABLES,96,Capsicum (medium),1 medium chpd = 60 g,No. of capsicum,1,60,0.8,0.2,3,14,0.6,6,0.3
VEGETABLES,97,Capsicum (small),1 small chpd =  45 g,No. of capsicum,1,45,0.6,0.1,2,11,0.5,4.5,0.3
VEGETABLES,98,Carrot,1 cup chopped = 90 g,No. of cups,1,90,0.8,0.2,10,43,1.1,72,0.9
VEGETABLES,99,Cauliflower,1 cup chopped = 95 g,No. of cups,1,95,2.5,0.4,4,29,1.1,31.4,1.2
VEGETABLES,100,Celery Leaves,1 tbsp = 5 g,No. of tbsp,1,5,0.3,0,0,2,0.1,11.5,0.3
VEGETABLES,101,Colocasia(Arawi),,gms (raw wt),200,200,6,0.2,42,194,2,80,0.8
VEGETABLES,102,Coriander Leaves,1 tbsp = 4 g,No. of tbsp,1,4,0.1,0,0,2,0,7.4,0.1
VEGETABLES,103,Courgettes,,gms (raw wt),200,200,4,1,4,36,2,,
VEGETABLES,104,Cow Pea Leaves(Chowli),,gms (raw wt),200,200,6.8,1.4,8,76,2.4,580,40.2
VEGETABLES,105,Cucumber,1 no. = 100 g,No. of cucumber,1,100,0.4,0.1,3,13,0.4,10,0.6
VEGETABLES,106,Fenugreek Leaves,,gms (raw wt),200,200,8.8,1.8,12,98,2.2,790,3.9
VEGETABLES,107,French Beans,1 cup chopped = 80g,No. of cups,1,80,1.4,0.1,4,21,1.4,40,0.5
VEGETABLES,108,Garden Cress(Halim),,gms (raw wt),200,200,12,2,17,134,,720,57
VEGETABLES,109,Gherkins (pickled),,gms (raw wt),,,0,0,0,0,,,
VEGETABLES,110,"Jackfruit, seeds",,gms (raw wt),200,200,13,1,52,266,3,100,3
VEGETABLES,111,Knol-Khol(Ganthgobhi),,gms (raw wt),200,200,2,0,8,42,3,40,3
VEGETABLES,112,Ladies Fingers,1 cup chopped = 160 gms,no. of cups,1,160,3,0.3,10,56,1.9,105.6,0.6
VEGETABLES,113,Lettuce,,gms (raw wt),200,200,4.2,0.6,5,42,1,100,4.8
VEGETABLES,114,Mint,,gms (raw wt),200,200,9.6,1.2,12,96,4,400,31.2
VEGETABLES,115,Mushroom,1 large = 16 gms,No. of mushrooms,7,112,3.5,0.9,5,48,0.4,6.7,1.7
VEGETABLES,116,Mustard Leaves,,gms (raw wt),200,200,8,1.2,6,68,1.6,310,32.6
VEGETABLES,117,"Olives (green, pickled, canned, or bottled)",,gms (raw wt),35,35,0,5,1,51,0,0,0
VEGETABLES,118,Onion (large),1 large = 110 gm (chopped),No. of onion,1,110,1.3,0.1,12,55,0.7,51.6,0.7
VEGETABLES,119,Onion (Medium),1 medium = 60 gm (chopped),No. of onion,1,60,0.7,0.1,7,30,0.4,28.1,0.4
VEGETABLES,120,Onion (Small),1 small = 40 gm (chopped),No. of onion,1,40,0.5,0,4,20,0.2,18.8,0.2
VEGETABLES,121,Papaya,1.5 cups = 175 gms,no. of cups,1.5,175,1,0,10,47,2,49,2
VEGETABLES,122,Parsley,,gms (raw wt),200,200,11.8,2,27,174,3.6,780,35.8
VEGETABLES,123,Parwar,,gms (raw wt),,,0,0,0,0,0,0,0
VEGETABLES,124,"Plantain, green",,gms (raw wt),,,0,0,0,0,0,0,0
VEGETABLES,125,Potato (large),1 large = 150 gm,No. of potato,1,150,2,0,34,146,1,15,1
VEGETABLES,126,Potato (Medium),1 medium = 100 gm,No. of potato,1,100,2,0,23,97,0,10,0
VEGETABLES,127,Potato (Small),1 small = 70 gm,No. of potato,1,70,1,0,16,68,0,7,0
VEGETABLES,128,"Pumpkin, fruit",,gms (raw wt),200,200,2.8,0.2,9,50,1.4,20,0.9
VEGETABLES,129,Radish White,,gms (raw wt),250,250,1.8,0.3,9,43,2,87.5,1
VEGETABLES,130,Ridge Gourd,,gms (raw wt),250,250,1.3,0.3,9,43,1.3,45,1
VEGETABLES,131,Spinach,1 bundle = 100g,gms (raw wt),200,200,4,1.4,6,52,1.2,146,2.3
VEGETABLES,132,Tomato (large),1 large chpd =  90 g,No. of tomato,1,90,0.8,0.2,3,18,0.7,43.2,0.6
VEGETABLES,133,Tomato (medium),1 medium chpd = 60 g,No. of tomato,1,60,0.5,0.1,2,12,0.5,28.8,0.4
VEGETABLES,134,Tomato (small),1 small chopped = 40 g,No. of tomato,1,40,0.4,0.1,1,8,0.3,19.2,0.3
VEGETABLES,135,"Tomato, green",,gms (raw wt),50,50,1,0,2,12,0,10,1
NUTS & OILSEEDS,136,Almond,12 almonds = 16 gms,No. of almonds,12,16,3.3,9.4,2,105,0.3,36.7,0.8
NUTS & OILSEEDS,137,Cashewnut,8 pcs = 16 gms,No. of cashews,8,16,3.4,7.5,4,95,0.2,8,0.9
NUTS & OILSEEDS,138,"Coconut, dry",,gms (raw wt),10,10,0.7,6.2,2,66,0.7,40,0.8
NUTS & OILSEEDS,139,"Coconut, fresh",,gms (raw wt),10,10,0.5,4.2,1,44,0.4,1,0.2
NUTS & OILSEEDS,140,"Coconut, milk",,gms (raw wt),10,10,0.3,4.1,1,43,,1.5,0.2
NUTS & OILSEEDS,141,"Coconut, water",1 glass = 200 ml,No. of glass,1,200,2.8,0.2,9,48,,48,0.2
NUTS & OILSEEDS,142,"Dates, dried",3 pcs = 16 gms,no. of pcs,3,16,0,0,12,51,1,19,1
NUTS & OILSEEDS,143,"Gingelly Seeds,(Sesame)",,gms (raw wt),10,10,1.8,4.3,3,56,0.3,145,0.9
NUTS & OILSEEDS,144,Groundnut,25 pcs =  17 gm,gms (raw wt),17,17,4.3,6.8,4,96,0.5,15.3,0.4
NUTS & OILSEEDS,145,"Groundnut, roasted",17gm,gms (raw wt),10,10,2.6,4,3,57,0.3,7.7,0.3
NUTS & OILSEEDS,146,"Mustard, seeds",1 tsp = 3 g,gms (raw wt),10,10,2,4,2,54,0.2,49,0.8
NUTS & OILSEEDS,147,Niger Seeds(KalaTeel),,gms (raw wt),10,10,2.4,3.9,2,52,1.1,30,5.7
NUTS & OILSEEDS,148,Peanuts,,gms (raw wt),10,10,2.9,5,2,59,,8.6,0.2
NUTS & OILSEEDS,149,Pine nuts (Chilgoza),,gms (raw wt),10,10,1.4,4.9,3,62,0.1,9.1,0.4
NUTS & OILSEEDS,150,Pistachio nut,,gms (raw wt),16,16,3,9,3,100,0,22,1
NUTS & OILSEEDS,151,"Pistachios, roasted",22 pcs = 16 gms,No. of pistachios,22,16.1,3.4,7.4,4,91,0.3,22.5,1.2
NUTS & OILSEEDS,152,Piyal Seeds(Chironjee),,gms (raw wt),10,10,1.9,5.9,1,66,0.4,27.9,0.9
NUTS & OILSEEDS,153,Walnut,1 whole walnut = 5 gms,No. of walnuts,3,15,2.3,9.7,2,103,0.4,15,0.4
NUTS & OILSEEDS,154,Watermelon Seeds(kernal),,gms (raw wt),10,10,3.4,5.3,0,63,0.1,10,0.7
CONDIMENTS & SPICES,155,Asafoetida,1 tsp = 4g,gms (raw wt),10,10,0.4,0.1,7,30,0.4,69,3.9
CONDIMENTS & SPICES,156,Cardamom,,gms (raw wt),10,10,1,0.2,4,23,2,13,0.5
CONDIMENTS & SPICES,157,"Chillies, dry",1 tsp = 3 g,No.of tsp,1,3,0.5,0.2,1,7,0.9,4.8,0.1
CONDIMENTS & SPICES,158,"Chillies, green",2 chillies = 5 g,No. of chillies,2,5,0.1,0,0,1,0.3,1.5,0.2
CONDIMENTS & SPICES,,Chaat Masala,1/2 tsp = 2 g,no. of tsp,0.5,2,0.1,0.1,0,3,,7.2,0.3
CONDIMENTS & SPICES,159,"Cloves, dry",1/2 tsp = 15 cloves = 1 gm,no. of cloves,15,1,0.1,0.1,0,3,0.1,7.4,0.1
CONDIMENTS & SPICES,160,Coriander,1 tsp = 3 g,No. of tsp,1,3,0.4,0.5,1,9,1,18.9,0.2
CONDIMENTS & SPICES,161,Cumin Seeds,1 tsp = 4g,No. of tsp,1,4,0.7,0.6,1,14,0.5,43.2,0.5
CONDIMENTS & SPICES,162,Fenugreek seeds,1 tsp = 5 gm,No. of tsp,1,5,1.3,0.3,2,17,0.4,8,0.3
CONDIMENTS & SPICES,163,Garam Masala,1/2 tsp = 2 g,No. of tsp,1,4,0.4,0.4,2,13,,,
CONDIMENTS & SPICES,164,Garlic,2 flakes = 5g,No .of flakes,2,5,0.3,0,1,7,0,1.5,0.1
CONDIMENTS & SPICES,165,"Ginger, fresh",1/2 tsp = 2 g,gms (raw wt),10,10,0.2,0.1,1,7,0.2,2,0.4
CONDIMENTS & SPICES,166,Mace,,gms (raw wt),10,10,0.7,2.4,5,44,0.4,18,1.2
CONDIMENTS & SPICES,167,Mango Powder,1 tsp = 2.5 gm,No. of tsp,1,2.5,0.1,0.2,2,8,0.3,4.5,1.1
CONDIMENTS & SPICES,168,"Nutmeg, fruit(Jaifal)",,gms (raw wt),10,10,0.8,3.6,3,47,1.2,12,0.2
CONDIMENTS & SPICES,169,Omum (ajwain),1 tsp = 2.5 gm,No. of tsp,1,2.5,0.4,0.5,1,9,0.5,38.1,0.3
CONDIMENTS & SPICES,,Oregano,,,,,0,0,0,0,,,
CONDIMENTS & SPICES,170,"Pepper Dry,(black)",1 tsp = 3 g,No. of tsp,1,3,0.3,0.2,1,9,0.4,13.8,0.4
CONDIMENTS & SPICES,171,Pippali (Peeplamul),,gms (raw wt),5,5,0.3,0.1,3,16,0.4,61.5,3.1
CONDIMENTS & SPICES,172,Poppy Seeds (Khaskhas),1 tsp = 4 gm,No. of tsp,1,4,0.9,0.8,1,16,0.3,63.4,0.6
CONDIMENTS & SPICES,,Hot and sweet tomato chilli sauce,,,,,0,0,0,0,,,
CONDIMENTS & SPICES,173,Red chilli sauce,1 tbsp = 15 gms,No. of tbsp,1,15,0,0,6,24,,,
CONDIMENTS & SPICES,174,salsa sauce,1 tbsp = 10 gms,No. of tbsp,1,10,0.2,0,0,8,,,
CONDIMENTS & SPICES,175,Soya sauce,1 tbsp = 13 gms,No. of tbsp,1,13,0.4,0,3,14,0,,
CONDIMENTS & SPICES,176,Tamarind Pulp,,gms (raw wt),10,10,0.3,0,7,28,0.6,17,1.7
CONDIMENTS & SPICES,177,Tomato ketchup,1 tbsp = 15 gms,No. of tbsp,1,15,0.2,0,4,17,0.1,,
CONDIMENTS & SPICES,178,Tomato puree,1 tbsp = 20g,No. of tbsp,1,20,1,0.1,3,15,0.6,,
CONDIMENTS & SPICES,179,Turmeric,1 tsp = 3g,No. of tsp,1,3,0.2,0.2,2,10,0.1,4.5,2
CONDIMENTS & SPICES,180,Vinegar,1 tbsp = 13 gms,No. of tbsp,1,13,0.1,0,0,3,0,,
CONDIMENTS & SPICES,181,Worcestershire sauce,1 tbsp = 15 gms,No. of tbsp,1,15,0.2,0,2,10,0,,
FRUITS,182,Amla,1 amla = 36 gm,No. of amla,2,72,0.4,0.1,10,42,2.4,36,0.9
FRUITS,183,"Apple, medium",1 med apple = 85 gms,No. of apple,1,85,0.2,0.4,11,50,0.9,8.5,0.6
FRUITS,184,"Apricot, dry",,gms (raw wt),20,20,0.3,0.1,15,61,0.4,22,0.9
FRUITS,185,"Apricot, fresh",1 pc = 12 gms,No. of apricots,8,96,1,0.3,11,51,1.1,19.2,2.1
FRUITS,186,Avocado Pear,,gms (raw wt),30,30,0.6,6.9,0,65,0,3,0.3
FRUITS,187,"Banana, elaichi",1 elaichi banana = 35 gms,No. of banana,1,35,0.4,0.1,10,41,0.1,6,0.1
FRUITS,188,"Banana, ripe, large",1 large banana = 90gms,No. of banana,0.5,45,0.5,0.1,12,52,0.2,7.7,0.2
FRUITS,189,"Banana, ripe, medium",1 med banana = 65 gms,No. of banana,1,65,0.8,0.2,18,75,0.3,11.1,0.2
FRUITS,190,Cape Gooseberry,,gms (raw wt),100,100,2,0,11,53,3,10,2
FRUITS,191,"Cherries, red",,gms (raw wt),75,75,0.8,0.4,10,48,0.3,18,0.4
FRUITS,192,"Chickoo, large",1 big chickoo = 70 gms,No. of chickoo,1,70,0.5,0.8,15,69,1.8,19.6,0.9
FRUITS,193,"Dates, dried",1 date = 5.5 gms,No. of dates,3,16.5,0.4,0.1,13,52,0.6,19.8,1.2
FRUITS,194,"Figs, fresh (Anjeer)",1 anjeer (fresh) = 44 gm,no. of anjeer,2,88,1.1,0.2,7,33,1.9,70.4,0.9
FRUITS,195,Grapes(Angoor),1/2 cup = 93 gms,No. of cups,0.5,93,0.5,0.3,15,66,2.7,18.6,0.5
FRUITS,196,Guava,1 gauva = 120 gms,no. of gauvas,1,120,1.1,0.4,13,61,6.2,12,0.3
FRUITS,197,"Jambu Fruit,(Kala jamun)",,gms (raw wt),80,80,0.6,0.2,11,50,0.7,12,0.3
FRUITS,198,Lemon,1 tbsp juice = 10g = 1 lemon,No. of tbsp,1,10,0.1,0.1,1,6,,,
FRUITS,199,Litchi,1 litchi = 12 gms pulp; whole = 20 gms,No. of litchi,7,84,0.9,0.2,11,51,0.4,8.4,0.6
FRUITS,200,"Mango , ripe",1 med mango = 70 gms,No. of mangoes,1,70,0.4,0.3,12,52,0.5,9.8,0.9
FRUITS,201,Mulberry,,gms (raw wt),100,100,1,0,10,49,1,70,2
FRUITS,202,"Muskmelon, cubed",3/4 th cup = 98 gms,No. of cups,2,262,0.8,0.5,9,45,1,83.8,3.7
FRUITS,203,Orange,1 med orange = 128 gm,No. of orange,1,128,0.2,0.3,14,61,0.4,33.3,0.4
FRUITS,204,"Palmyra fruit, tender",,gms (raw wt),100,100,1,0,7,29,0,10,1
FRUITS,205,"Papaya, ripe",3/4 th cup = 88 gms,no. of cups,0.25,29.3,0.2,0,2,9,0.2,5,0.1
FRUITS,206,Peaches,1 med peach whole = 100 gm,no. of peaches,1,100,1.2,0.3,11,50,1.2,15,2.4
FRUITS,207,Pears,1 med pear = 150 gms,No. of pears,1,150,0.9,0.3,18,78,1.5,12,0.8
FRUITS,208,Phalsa,,gms (raw wt),100,100,1,1,15,72,1,129,3
FRUITS,209,Pine Apple,1 slice = 20 gms,No. of slices,5,100,0.4,0.1,11,46,0.5,20,2.4
FRUITS,210,Plum,1 med plum whole = 60 gms,no. of plums,2,120,0.8,0.6,13,62,0.5,12,0.7
FRUITS,211,Pomegranate,1/2 cup = 70 gms,No. of cups,0.5,70,1.1,0.1,10,46,3.6,7,1.3
FRUITS,212,Raisins,10 pcs = 5 gms,No. of raisins,30,15,0.3,0,11,46,,,
FRUITS,213,Raspberry,,gms (raw wt),100,100,1,1,12,56,1,40,20
FRUITS,214,Seethaphal(Custardapple),1 med = 75 gms deseeded,No. of custard apple,1,75,1.2,0.3,18,78,2.3,12.8,3.2
FRUITS,215,Strawberry,1 med strawberry = 12 gms,No. of strawberries,9,108,0.8,0.2,11,48,1.2,32.4,1.9
FRUITS,216,Sweet lime (musambi),1 medium = 126 gms,No. of sweet lime,1,126,1,0.4,12,54,0.6,50.4,0.9
FRUITS,217,"Watermelon, cubed",1 cup = 75 gms,No. of cups,4,300,0.6,0.6,10,48,0.6,33,23.7
FISHES & SEA FOOD,218,Air,,gms,80,80,12.8,0.8,3,71,0,304,0.8
FISHES & SEA FOOD,219,Anchovy,,gms,80,80,15.4,7.7,0,131,0,114.4,1.2
FISHES & SEA FOOD,220,"Bombay Duck, dried",,gms,80,80,49.4,3.2,2,234,0,1111.2,15.3
FISHES & SEA FOOD,221,"Crab, muscle",,gms,80,80,7.1,0.9,3,47,0,1096,17
FISHES & SEA FOOD,222,"Crab, small",,gms,80,80,9,7.8,7,135,0,1284.8,0
FISHES & SEA FOOD,223,Hilsa,,gms,80,80,17.6,15.2,2,218,0,144,1.6
FISHES & SEA FOOD,224,Lobster,,gms,80,80,16.4,0.7,0,72,0,12.8,0
FISHES & SEA FOOD,225,Mackerel(Bangra),,gms,80,80,15.1,1.4,0,74,0,343.2,3.6
FISHES & SEA FOOD,226,"Mushi , dried",,gms,80,80,53.6,3.9,0,250,0,432.8,2.2
FISHES & SEA FOOD,227,"Pomfrets, black",,gms,80,80,16.2,2.1,1,89,0,228.8,1.8
FISHES & SEA FOOD,228,"Pomfrets, white",,gms,80,80,13.6,1,0,70,0,160,0.7
FISHES & SEA FOOD,229,Prawns,,gms,80,80,15.3,0.8,1,71,0,258.4,4.2
FISHES & SEA FOOD,230,Ravas,,gms,80,80,17.8,0.9,3,90,0,324,1.6
FISHES & SEA FOOD,231,Rohu,,gms,80,80,13.3,1.1,4,78,0,520,0.8
FISHES & SEA FOOD,232,Sardine,,gms,80,80,16.8,1.5,0,81,0,72,2
FISHES & SEA FOOD,233,Shark,,gms,80,80,17.3,0.3,1,74,0,285.6,1.1
FISHES & SEA FOOD,234,"Shrimp (small,dried)",,gms,80,80,54.5,6.8,0,279,0,3507.2,0
FISHES & SEA FOOD,235,"Surmai, fresh",,gms,80,80,15.9,1.1,0,74,0,73.6,1.6
FISHES & SEA FOOD,236,"Surmai, dried",,gms,80,80,30.9,5,0,168,0,118.4,3.5
FISHES & SEA FOOD,237,Tuna (canned),,gms,80,80,28.2,0.9,0,127,,16,0.6
MEAT AND POULTRY,238,Bacon,1/2 tbsp = 10g/3 slices = 19g,gms,20,20,6.3,9.5,0,116,,2.1,0.3
MEAT AND POULTRY,239,"Beef, cooked",,gms,20,20,5.2,6.1,0,76,,2.6,
MEAT AND POULTRY,240,Chicken,,gms,40,40,7.3,6.9,,97,,,
MEAT AND POULTRY,241,"Egg, duck",,gms,30,30,,,,,,,
MEAT AND POULTRY,242,"Egg, hen",,gms,20,20,,,,,,,
MEAT AND POULTRY,243,Egg Whites,1 egg white = 33 gms,No. of egg white,1,1,3,0,0,15,,4,
MEAT AND POULTRY,244,Egg Yolk,1 egg yolk = 17 gms,No. of egg yolk,1,1,3,6,,65,,26,
MEAT AND POULTRY,245,Finch,,gms,50,50,13.3,1.5,0,67,0,45,0
MEAT AND POULTRY,246,Fowl(hen),,gms,50,50,13,0.3,0,55,0,12.5,0
MEAT AND POULTRY,247,Goat Meat (lean),,gms,50,50,10.7,1.8,0,59,0,6,0
MEAT AND POULTRY,248,Liver Goat,,gms,50,50,10,1.5,0,54,0,8.5,0
MEAT AND POULTRY,249,"Mutton, muscle",,gms,100,100,18.5,13.3,0,194,0,150,2.5
MEAT AND POULTRY,250,Pork,,gms,100,100,18.7,4.4,0,114,0,30,2.2
DAIRY,251,Amul lite Slim n trim milk,99.7 % fat free,ml,100,100,3.5,0.2,5,35,,150,
DAIRY,,Amul taaza toned milk (3 % fat),,ml,100,100,3.1,3,5,58,,150,
DAIRY,252,Britannia cheese spread low-fat,,gm,15,15,2,1.8,1,29,,60,
DAIRY,253,Britannia - cheese slice,1 slice = 20 gms,no. of slice,1,1,3.4,5,1,62,,112.8,
DAIRY,254,Britannia - low fat cheese slice,1 slice = 20 gms,no. of slice,1,1,4,3,1,45,,3,
DAIRY,255,Brittania Cheese spread,1 tbsp = 20Gm,No. of tbsp,1,20,2.3,4.4,0,50,,,
DAIRY,256,Brittania Daily fresh dahi (3 % fat),,gms,100,100,3.1,3,6,64,,,
DAIRY,257,Cream cheese (laughin cow),,gms,15,15,1.3,5,1,51,,,
DAIRY,258,Cheese spread (amul),,gms,15,15,1.7,3,,41,,,
DAIRY,259,Curds(cow's milk),,ml,100,100,3.1,4,3,60,,149,0.2
DAIRY,260,Danone Dahi (3.5 % fat),,ml,100,100,3.5,3.5,6,68,,,
DAIRY,261,Double Toned Milk (1.5% fat),,ml,100,100,3.3,1.5,5,47,,120,
DAIRY,262,Everyday dairy whitener,1 tbsp = 5 gms,no. of tbsp,1,5,1,1,3,23,,,
DAIRY,263,Feta,,gm,5,5,0.7,0.9,0,11,,,
DAIRY,264,Happy cow cheese (low fat 8%),in cubes (1 cube = 17.5 g),No. of cubes,1,1,3.1,1.5,1,29,,110,
DAIRY,265,"Kraft cream cheese, low-fat",1 tbsp = 15 Gm,No. of tbsp,1,15,1,2.9,1,34,,,
DAIRY,266,Milk buffalo's (6.5 % fat),,ml,100,100,,6.5,5,117,,210,0.2
DAIRY,267,Milk cow's (4 % fat),,ml,800,800,25.6,32.8,35,536,,960,1.6
DAIRY,268,Mozarella cheese,,gms,20,20,4.4,4.5,0,60,,,
DAIRY,269,"Nestle flavored yogurt, low-fat",,gms,100,100,3.5,1.5,16,90,,,
DAIRY,270,Nestle nesvita pro-heart milk,(2 % fat),ml,100,100,2.9,1.6,5,46,,,
DAIRY,271,Nestle Slim Dahi (1.5 % fat),,ml,100,100,4.1,1.5,6,54,,,
DAIRY,272,Nestle slim milk,(0.2 % fat),ml,100,100,2.8,0.2,5,33,,93,
DAIRY,273,Nestle toned milk (3 % fat),,ml,100,100,2.8,3,5,57,,,
DAIRY,274,Paneer (made from cows milk),,paneer in gms,100,100,18,21,1,265,,,
DAIRY,275,paneer (regular),,paneer in cups,0.25,0.3,16,20,22,335,,,
DAIRY,276,paneer (low-fat),,paneer in cups,0.25,0.3,16,0.5,22,165,,,
DAIRY,277,Parmesan cheese,,gms,15,15,6,6,0,75,,207,0
DAIRY,278,Silken tofu,,gms,100,100,7.1,2.4,2,54,,,
DAIRY,279,"Skimmed Milk,liquid",,ml,100,100,2.5,0.1,5,29,,120,0.2
DAIRY,280,Skimmed Milk Powder(Cow's milk),,gms,10,10,3.8,0.01,5.1,36,,137,0.14
DAIRY,281,Skimmed milk/low fat milk/curd,(0.1 % fat),ml,100,100,2.5,0.1,5,29,,,
DAIRY,282,soyafit soya milk/curd,,ml,100,100,3.2,1.6,2,35,1,,
DAIRY,283,Tofu (Soya paneer),,gms,100,100,13.8,5,4,117,2.3,310,
FATS & EDIBLE OILS,284,Amul butter,,no. of tspn,1,5,0,4,0,36,,,
FATS & EDIBLE OILS,285,Amul lite bread spread,,gms,5,5,,3.5,0,32,,,
FATS & EDIBLE OILS,286,Butter,1 tspn = 5 gms,no. of tspn,1,5,,4.1,,36,,,
FATS & EDIBLE OILS,287,"Cooking Oil (Groundnut, Sunflower, Ricebran, safflower, Mustard, Coconut etc.)",1 tspn = 4 gms,no. of tspn,1,4,,4,,36,,,
FATS & EDIBLE OILS,288,Ghee (Cow),1 tspn = 5 gms,no. of tspn,1,5,,5,,45,,,
FATS & EDIBLE OILS,289,Honey,1 tspn = 6 gms,no. of tspn,1,6,0,,5,19,,0.3,0
FATS & EDIBLE OILS,290,Jaggery,,gms,5,5,0,0,5,19,,4,0.1
FATS & EDIBLE OILS,291,Mayonnaise,1 tbsp = 14 g,No. of tbsp,1,14,0,11,0,100,,3,0.1
FATS & EDIBLE OILS,292,Mayonnaise fat-free,1 tbsp = 10 gms,No. of tbsp,1,10,0,0.1,2,12,,,
FATS & EDIBLE OILS,293,Olive oil,1 tspn = 4 gms,no. of tspn,1,4,0,4,0,35,,,
FATS & EDIBLE OILS,294,Sago (sabudana),,gms,5,5,0,0,4,18,,0.5,0.1
FATS & EDIBLE OILS,295,Sugar,in tspn (1tsp = 5g),no. of tspn,1,1,0,0,5,20,,0,
FATS & EDIBLE OILS,296,Sugarcane,,gms,50,50,0,,50,199,,6,0
DESSERTS,297,Apple pie,1 slice,No. of slice,1,1,,,,280,,,
DESSERTS,298,Brownie with icecream,1 serving,No. of serving,1,1,,,,960,,,
DESSERTS,299,Cashewnut barfi,,No. of barfis,1,1,,11,,186,,,
DESSERTS,300,Cheese cake,1 slice,No. of slice,1,1,,,,730,,,
DESSERTS,301,"Chocochip icecream, Baskin robbins",1 scoop,No. of scoop,1,1,,,,270,,,
DESSERTS,302,Chocolate icecream,,scoops,1,1,,15,,306,,,
DESSERTS,303,Chocolate mousse,,cups,1,1,,29.3,,559,,,
DESSERTS,304,Chocolate pastry,,No. of pcs,1,1,,15,,310,,,
DESSERTS,305,"Donut, choco frosted",1,No. of donuts,1,1,,,,204,,,
DESSERTS,306,"Frozen Yogurt, low-fat (180 gms)",1 cup,No. of cups,1,1,6,3.6,45,234,,,
DESSERTS,307,Gulab Jamun,,No. of gulabjamuns,1,1,,7,,152,,,
DESSERTS,308,Haldirams Rasgulla,1 small = 25 gm,No. of rasgullas,2,50,4.3,2,26,125,0.4,350,
DESSERTS,309,Muffin,1,No.of muffins,1,1,,,,450,,,
DESSERTS,310,Oreo McFlurry (Mc Donald's),1 serving,No. of srvgs,1,1,14,16,88,560,,,
DESSERTS,311,Rasgulla,1 medium,No. of rasgullas,1,1,,,,152,,,
DESSERTS,312,"TGI Friday""s Brownie Sundae",1 serving,No. of srvgs,1,1,9,55,48,960,,,
CHIPS/CRISPS,313,Baked potato chips (selfcare),one serving -25 g,No. of serving,1,1,2.6,0.4,19,90,,,
CHIPS/CRISPS,314,Lay's baked classic salted,"1 chip = 1 gm, 1 small pack = 31 gm",No. of chips,27,27,2,4.2,20,124,,,
CHIPS/CRISPS,315,Lay's classic salted,"1 chip = 1 gm, 1 small pack = 27 gm",No. of chips,27,27,1.9,9.6,14,150,,,
CHIPS/CRISPS,316,Pepe,1 chip = 1 gm,No. of chips,2,2,0.2,0.6,1,11,,,
CHIPS/CRISPS,317,Peppy,"1 chip = 0.5 Gm, 1 small pack = 23 gm",No. of chips,27,13.5,1.1,3.6,8,68,1,,
CHIPS/CRISPS,318,"Popcorn, salted",1 cup = 8 gms,No. of cups,2,16,0.8,4.5,10,83,,,
CHIPS/CRISPS,319,Pringles Original,1 chip = 2 gm,No. of chips,14,28,1,11,14,160,,,
CHOCOLATES,320,5- Star,1 bar = 32 gm,No. of bars,1,32,1.2,5.1,23,141,,,
CHOCOLATES,321,Dairy Milk,1 bar = 95 gm,No. of bars,1,95,7.5,26.5,57,495,,,
CHOCOLATES,322,Dairy Milk fruit n nut,1 bar = 80 gm,No. of bars,1,80,7,21.5,45,402,,,
CHOCOLATES,323,Granola bar (Nature valley),1 bar = 30 gm,No. of bars,1,30,1.4,1.5,26,123,1.9,,
CHOCOLATES,324,Kit-Kat (2 fingers),1 bar = 2 fingers = 16.5 gm,No. of bars,1,16.5,1.1,4.1,8,73,,,
CHOCOLATES,325,Mars,1 bar = 50 gm,No. of bars,1,50,1.9,8.8,35,226,,,
CHOCOLATES,326,Perk( 1 small 5 rs),1 bar = 16 gm,No. of bars,1,16,1,4,10,80,,,
CHOCOLATES,327,Snickers,1 bar = 32 gm,No. of bars,1,32,2.9,8.9,18,163,,,
CHOCOLATES,328,Twix,1 bar = 58 gm (2 fingers),No. of bars,1,58,2.8,14,37,285,0.9,,
BEVERAGES (Milk),329,Boost,1 tbsp = 10 gm,No. of tbsp,1,10,0.8,0.4,8,39,,,
BEVERAGES (Milk),330,Bournvita,1 tbsp = 10 gm,No. of tbsp,1,10,0.7,0.2,8,38,,10,1.8
BEVERAGES (Milk),331,Complan,1 tbsp = 10 gm,No. of tbsp,1,10,1.8,1.1,6,42,,80,1.4
BEVERAGES (Milk),332,Horlicks,1 tbsp = 10 gm,No. of tbsp,1,10,,,,39,,74.1,2.6
BEVERAGES (Milk),333,Horlicks Lite,1 tbsp = 10 gm,No. of tbsp,1,10,,,,35,,,
BEVERAGES (Milk),334,Proteinix,1 tbsp = 10 gm,No. of tbsp,1,10,3.2,,,30,,,
BEVERAGES (Milk),335,Women's Horlicks,1 tbsp = 10 gm,No. of tbsp,1,10,,0.2,7,36,,,
ALCOHOL,336,Beer,1 Bottle = 300 gm,No. of bottle,1,1,,,,150,,,
ALCOHOL,337,Gin,1 small peg = 30 ml,No. of small pegs,2,2,,,,133,,,
ALCOHOL,338,Kingfisher light beer,1 Bottle = 330 ml,No. of bottle,1,1,,,,99,,,
ALCOHOL,339,Kingfisher Premium beer,1 Bottle = 330 ml,No. of bottle,1,1,,,,180,,,
ALCOHOL,340,Kingfisher strong beer,1 Bottle = 330 ml,No. of bottle,1,1,,,,216,,,
ALCOHOL,341,Light,,No. of bottle,1,1,,,,83,,,
ALCOHOL,342,Near Beer,,No. of bottle,1,1,,,,50,,,
ALCOHOL,343,Red wine or Rose,,ml,100,100,,,,71,,,
ALCOHOL,344,Regular,,No. of bottle,1,1,,,,125,,,
ALCOHOL,345,Rum,1 small peg = 30 ml,No. of small pegs,2,2,,,,133,,,
ALCOHOL,346,Scotch,1 small peg = 30 ml,No. of small pegs,2,2,,,,133,,,
ALCOHOL,347,Sprakling wine- champagne,,ml,100,100,,,,83,,,
ALCOHOL,348,Vodka,1 small peg = 30 ml,No. of small pegs,2,2,,,,133,,,
ALCOHOL,349,Whiskey,1 small peg = 30 ml,No. of small pegs,2,2,,,,133,,,
ALCOHOL,350,White wine,,ml,100,100,,,,67,,,
ALCOHOL,351,Wine (average),,ml,100,100,,,,88,,,
COCKTAILS,352,Bloody Mary,1 drink = 150 ml,No. of drinks,1,1,,,,116,,,
COCKTAILS,353,Cosmopolitan,1 drink = 90 ml,No. of drinks,1,1,,,,196,,,
COCKTAILS,354,Daiquiri,1 drink = 60 ml,No. of drinks,1,1,,,,111,,,
COCKTAILS,355,Dry Barandy- cognac,1 drink = 150 ml,No. of drinks,1,1,,,,375,,,
COCKTAILS,356,Long island Iced Tea,1 drink = 240 ml,No. of drinks,1,1,,,,440,,,
COCKTAILS,357,Margarita/Caprioska,1 drink = 150 ml,No. of drinks,1,1,,,,310,,,
COCKTAILS,358,Martini,1 drink = 150 ml,No. of drinks,1,1,,,,312,,,
COCKTAILS,359,Mojito,1 drink = 150 ml,No. of drinks,1,1,,,,102,,,
COCKTAILS,360,Triple sec,Alcohol = 8.5 gm in 30 ml,ml,60,60,0,0,22,206,,,
SOFT DRINKS,361,Coke,1 Bottle = 300 ml,No. of bottles,1,1,0,0,33,126,,,
SOFT DRINKS,362,Coke- diet,1 Bottle = 300 ml,No. of bottles,1,1,0,0,0,1,,,
SOFT DRINKS,363,Fanta/Mirinda,1 Bottle = 300 ml,No. of bottles,1,1,,,,141,,,
SOFT DRINKS,364,Limca,1 Bottle = 300 ml,No. of bottles,1,1,,,,150,,,
SOFT DRINKS,365,Pepsi,1 Bottle = 300 ml,No. of bottles,1,1,,,,131,,,
SOFT DRINKS,366,Pepsi- can,1 can = 330 ml,No. of cans,1,1,,,,144,,,
SOFT DRINKS,367,Sprite,1 Bottle = 300 ml,No. of bottles,1,1,,,35,144,,,
JUICES,368,Appy,1 tetra pack = 200 ml,No. of packs,1,1,1,0.4,33,134,,,
JUICES,369,Frooti,1 tetra pack = 200 ml,No. of packs,1,1,,,32,130,,,
JUICES,370,Real - Guava Juice,1 tetra pack = 200 ml,No. of packs,1,1,2,0,30,120,,,
JUICES,371,Real - Orange Juice,1 tetra pack = 200 ml,No. of packs,1,1,2,0,26,112,,,
JUICES,372,Real Activ- Orange carrot juice,1 tetra pack = 200 ml,No. of packs,1,1,0,0,24,96,,,
JUICES,373,Real Activ-Apple juice,1 tetra pack = 200 ml,No. of packs,1,1,1,0,22,88,,,
JUICES,374,Real cranberry juice,1 glass = 200 ml,No. of glass,1,200,0.2,0,30,120,,20,0.6
JUICES,375,Real-Mixed fruit juice,1 tetra pack = 200 ml,No. of packs,1,1,2,0,26,112,,,
JUICES,376,Real-Sweet lime juice,1 tetra pack = 200 ml,No. of packs,1,1,2,0,28,112,,,
JUICES,377,Tropicana juice- Apple,1 tetra pack = 200 ml,No. of packs,1,1,0.8,0,22,94,,,
JUICES,378,Tropicana juice- Guava Nectar,1 tetra pack = 200 ml,No. of packs,1,1,0,0,36,150,,,
JUICES,379,Tropicana Juice-Mix fruit,1 tetra pack = 200 ml,No. of packs,1,1,0,0,27.4,112,,,
JUICES,380,Tropicana Juice-Orange,1 tetra pack = 200 ml,No. of packs,1,1,2,0,22,100,,,
BEVERAGES,381,Amul kool lassi,1 tetra pack = 200 ml,No. of packs,1,1,4,4.2,26,158,,148,
BEVERAGES,382,Amul Lassi(sweet),1 tetra pack = 200 ml,No. of packs,1,1,4.5,6,20,150,,224,
BEVERAGES,383,Amul masti spiced buttermillkk,1 tetra pack = 200 ml,No. of packs,1,1,4,3.4,4,62,,150,
BEVERAGES,384,Buttermilk(salted),1 glass = 200 ml,No. of glass,1,1,3,4,3,60,,149,
BEVERAGES,385,Coconut water,1 glass = 200 ml,No. of glass,1,1,3,0,9,48,,48,
BEVERAGES,386,Gatorade,1 glass = 200 ml,No. of glass,1,1,0,0,7.2,48,,,
BEVERAGES,387,lipton ice tea green tea,1 pet bottle = 350 ml,No. of bottles,1,350,0,0,0,112,,,
BEVERAGES,388,Milkshake with fruit,1 glass = 200 ml,No. of glass,1,1,5,7,23,186,,224,
BEVERAGES,389,Red Bull,1 glass = 200 ml,No. of glass,1,200,0,0,22,90,,,
BEVERAGES,390,Sweetened lime water,1 glass = 200 ml,No. of glass,1,1,0,0,10,42,,223,
BEVERAGES,391,Tang orange,1 glass = 200 ml,No. of glass,1,1,0,0,23.5,97,,,
BEVERAGES,392,Tonic water,,ml,150,150,,,,54,,,
FAST FOOD,393,Domino's Cheese-burst pizza,6-inch,No. of pizza,1,1,21,22,35,422,,,
FAST FOOD,394,"Domino's Deluxe (12 "")",1 slice,No. of slice,1,1,7,12,16,196,,,
FAST FOOD,395,Domino's Garlic bread,1 slice,No. of slice,1,1,4.7,3.6,16,117,,,
FAST FOOD,396,Domino's Pan pizza,6-inch,No. of pizza,1,1,23,28,68,598,,,
FAST FOOD,397,"Domino's Thin-crust Margerita (10"")",1 slice,No. of slice,1,1,6,3,28,160,,,
FAST FOOD,398,KFC Popcorn Chicken,1 serving,no. of servings,1,1,22,26,18,400,,,
FAST FOOD,399,KFC Potato wedges,100 gms,gms,1,1,4,13,33,260,,,
FAST FOOD,400,KFC Zinger Burger,1,no. of burgers,1,1,24,18.5,41,446,,,
FAST FOOD,401,Maggi Masala noodles,1 medium pack = 80 gms,No. of packets,1,80,7.4,11.4,49.28,330,,,
FAST FOOD,402,Maggi Veg Multigrainz noodles,1 medium pack = 80 gms,No. of packets,1,80,7.6,11.1,51.2,336,3.8,99.2,
FAST FOOD,403,Maggi Vegetable atta noodles,1 medium pack = 80 gms,No. of packets,1,80,8.2,10.7,51.04,342,4.2,,
FAST FOOD,404,Mc Donald's French Fries,Regular,No. of regular packs,1,1,4.5,15.5,41,319,,,
FAST FOOD,405,Mc Spicy Chicken wrap,1,No. of wraps,1,1,22,23,48,488,,,
FAST FOOD,406,McAloo Tikki Burger,1,No. of burgers,1,1,8.2,13.6,46,337,,,
FAST FOOD,407,McChicken Burger,1,No. of burgers,1,1,15.3,21.4,41,416,,,
FAST FOOD,408,McChicken Nuggets,4 pcs,No. of pcs,1,1,2.7,3,3,49,,,
FAST FOOD,409,McSpicy Paneer Wrap,1,No. of wraps,1,1,26,47,53,740,,,
FAST FOOD,410,McVeggie Burger,1,No. of burgers,1,1,11.9,23.9,51,465,,,